{"item_type":"1","item_name":"CRM","item_description":"CRM","password":"123123","pages":{"pages":[{"page_title":"\u9a8c\u8bc1\u7801","cat_id":"0","page_content":"\n##### \u7b80\u8981\u63cf\u8ff0\n\n- \u9a8c\u8bc1\u7801\n\n##### \u8bf7\u6c42URL\n- ` http:\/\/xx.com\/api\/captcha\/{number} `\n  \n##### \u8bf7\u6c42\u65b9\u5f0f\n- get\n\n##### \u53c2\u6570\n\n|\u53c2\u6570\u540d|\u5fc5\u9009|\u7c7b\u578b|\u8bf4\u660e|\n|:----    |:---|:----- |-----   |\n\n\n##### \u8fd4\u56de\u793a\u4f8b \n\n``` \n \u56fe\u7247\n```\n\n\n\n","s_number":"99","page_comments":""}],"catalogs":[{"cat_id":"3860462","cat_name":"\u7ba1\u7406\u5458\u7ba1\u7406","parent_cat_id":"0","level":"2","s_number":"99","pages":[{"page_title":"\u7cfb\u7edf\u7ba1\u7406\u5458\u767b\u9646\u63a5\u53e3","cat_id":"3860462","page_content":"\n##### \u7b80\u8981\u63cf\u8ff0\n\n- \u7cfb\u7edf\u7ba1\u7406\u5458\u767b\u9646\u63a5\u53e3\n\n##### \u8bf7\u6c42URL\n- ` http:\/\/xxx.com\/api\/admin\/login `\n  \n##### \u8bf7\u6c42\u65b9\u5f0f\n- POST\n\n##### \u53c2\u6570\n\n|\u53c2\u6570\u540d|\u5fc5\u9009|\u7c7b\u578b|\u8bf4\u660e|\n|:----    |:---|:----- |-----   |\n|time |\u662f  |int |\u8bf7\u6c42\u65f6\u95f4\u6233(\u79d2\u7ea7)   |\n|guid |\u4e1a\u52a1\u578b\u9a8c\u8bc1\u65f6\u4e3a\u5fc5\u4f20  |string | \u7528\u6237\u552f\u4e00id(\u7528\u6237\u672a\u767b\u9646\u65f6\u4f7f\u7528\u9ed8\u8ba4\u7ea6\u5b9a\u503c)    |\n|param |\u662f  |json | \u6240\u5305\u542b\u7684\u6240\u6709\u4e1a\u52a1\u53c2\u6570    |\n|--username |\u662f  |string | \u7528\u6237\u540d   |\n|--password |\u662f  |string | \u5bc6\u7801    |\n|--captcha |\u662f  |string | \u9a8c\u8bc1\u7801    |\n|--number |\u662f  |int | \u751f\u6210\u9a8c\u8bc1\u7801\u65f6\u4ea7\u751f\u7684\u6570\u5b57    |\n|signatures |\u662f  |string | \u52a0\u5bc6\u540e\u7684\u7b7e\u540d    |\n|version |\u662f  |int | \u63a5\u53e3\u7248\u672c\u53f7    |\n\n##### \u8fd4\u56de\u793a\u4f8b \n\n``` \n {\n    \"code\": 200,\n    \"data\": {\n        \"guid\": \"612b89a4ae3b11ebb01bfa163e8c653e\",\n        \"user_name\": \"shaoyuanpeng\",\n        \"password\": \"f12d1cfebf2673e27b9411486aaad59a\",\n        \"status\": 1,\n        \"token\": \"67499e9ac27a11eb8c86001c423dc69d\",\n        \"add_time\": 1620285561,\n        \"token_time\": 1620285561,\n        \"last_ip\": \"192.168.10.1\",\n        \"last_time\": 1622511653\n    },\n\t\"message\":\"success\"\n}\n```","s_number":"99","page_comments":""},{"page_title":"\u83b7\u53d6\u7ba1\u7406\u5458\u4fe1\u606f\u63a5\u53e3","cat_id":"3860462","page_content":"\n##### \u7b80\u8981\u63cf\u8ff0\n\n- \u83b7\u53d6\u7ba1\u7406\u5458\u4fe1\u606f\u63a5\u53e3\n\n##### \u8bf7\u6c42URL\n- ` http:\/\/xxx.com\/api\/admin\/info `\n  \n##### \u8bf7\u6c42\u65b9\u5f0f\n- POST\n\n##### \u53c2\u6570\n\n|\u53c2\u6570\u540d|\u5fc5\u9009|\u7c7b\u578b|\u8bf4\u660e|\n|:----    |:---|:----- |-----   |\n|time |\u662f  |int |\u8bf7\u6c42\u65f6\u95f4\u6233(\u79d2\u7ea7)   |\n|guid |\u4e1a\u52a1\u578b\u9a8c\u8bc1\u65f6\u4e3a\u5fc5\u4f20  |string | \u7528\u6237\u552f\u4e00id(\u7528\u6237\u672a\u767b\u9646\u65f6\u4f7f\u7528\u9ed8\u8ba4\u7ea6\u5b9a\u503c)    |\n|param |\u662f  |json | \u6240\u5305\u542b\u7684\u6240\u6709\u4e1a\u52a1\u53c2\u6570    |\n|signatures |\u662f  |string | \u52a0\u5bc6\u540e\u7684\u7b7e\u540d    |\n|version |\u662f  |int | \u63a5\u53e3\u7248\u672c\u53f7    |\n\n##### \u8fd4\u56de\u793a\u4f8b \n\n``` \n  {\n    \"code\": 200,\n    \"data \": {\n\t\tadmin_guid: \"2e97fc14347111ebb4ca02b71f33e924\",\n\t\tnick_name: \"XXXXX\",\n\t\t\"phone\":\"133445566789\",\n\t\tavatar_img: \"https:\/\/www.blog8090.com\/content\/images\/2019\/12\/users.png\"\n    }\n\t\"message\":\"success\"\n  }\n```","s_number":"99","page_comments":""},{"page_title":"\u83b7\u53d6\u7ba1\u7406\u5458\u5217\u8868\u63a5\u53e3","cat_id":"3860462","page_content":"##### \u7b80\u8981\u63cf\u8ff0\n\n- \u83b7\u53d6\u7ba1\u7406\u5458\u5217\u8868\u63a5\u53e3\n\n##### \u8bf7\u6c42URL\n- ` http:\/\/xxx.com\/api\/admin\/list`\n  \n##### \u8bf7\u6c42\u65b9\u5f0f\n- POST\n\n##### \u53c2\u6570\n\n|\u53c2\u6570\u540d|\u5fc5\u9009|\u7c7b\u578b|\u8bf4\u660e|\n|:----    |:---|:----- |-----   |\n|time |\u662f  |int |\u8bf7\u6c42\u65f6\u95f4\u6233(\u79d2\u7ea7)   |\n|guid |\u4e1a\u52a1\u578b\u9a8c\u8bc1\u65f6\u4e3a\u5fc5\u4f20  |string | \u7528\u6237\u552f\u4e00id(\u7528\u6237\u672a\u767b\u9646\u65f6\u4f7f\u7528\u9ed8\u8ba4\u7ea6\u5b9a\u503c)    |\n|param |\u662f  |json | \u6240\u5305\u542b\u7684\u6240\u6709\u4e1a\u52a1\u53c2\u6570    |\n|--page |\u662f  |int | \u5f53\u524d\u9875    |\n|--limit |\u662f  |int | \u6bcf\u9875\u6761\u6570    |\n|--where |\u662f  |json | \u5185\u542b\u641c\u7d22\u53c2\u6570    |\n|----user_name |\u5426  |int | \u7528\u6237\u540d\u641c\u7d22    |\n|----nick_name |\u5426  |int | \u6635\u79f0\u641c\u7d22    |\n|----phone |\u5426  |int | \u624b\u673a\u53f7    |\n|----searchDate |\u5426  |int | \u65f6\u95f4\u533a\u95f4\u641c\u7d22    |\n|signatures |\u662f  |string | \u52a0\u5bc6\u540e\u7684\u7b7e\u540d    |\n|version |\u662f  |int | \u63a5\u53e3\u7248\u672c\u53f7    |\n\n##### \u8fd4\u56de\u793a\u4f8b \n\n``` \n{\n    \"code\": 200,\n    \"data\": {\n        \"data\": [\n            {\n                \"guid\": \"1a9dde8481c474be3b43c0ffb4ac7dbe\",\n                \"admin_name\": \"test\",\n                \"password\": \"e0498134cd63ebfd45ee25714453cc6d\",\n                \"status\": 1,\n                \"add_time\": 1613186880,\n                \"nick_name\": \"\u5f20\u4e09\",\n                \"avatar\": \"https:\/\/csdn-exam.oss-cn-shenzhen.aliyuncs.com\/index.jpg\"\n            },\n           {\n                \"guid\": \"1a9dde8481c474be3b43c0ffb4ac7dbe\",\n                \"admin_name\": \"test\",\n                \"password\": \"e0498134cd63ebfd45ee25714453cc6d\",\n                \"status\": 1,\n                \"add_time\": 1613186880,\n                \"nick_name\": \"\u5f20\u4e09\",\n                \"avatar\": \"https:\/\/csdn-exam.oss-cn-shenzhen.aliyuncs.com\/index.jpg\"\n            }\n        ],\n        \"count\": 2\n    },\n \"message\":\"success\"\n}\n```","s_number":"99","page_comments":""},{"page_title":"\u6dfb\u52a0\u7ba1\u7406\u5458\u63a5\u53e3","cat_id":"3860462","page_content":"\n##### \u7b80\u8981\u63cf\u8ff0\n\n- \u6dfb\u52a0\u7ba1\u7406\u5458\u63a5\u53e3\n\n##### \u8bf7\u6c42URL\n- ` http:\/\/xxx.com\/api\/admin\/add `\n  \n##### \u8bf7\u6c42\u65b9\u5f0f\n- POST \n\n##### \u53c2\u6570\n\n|\u53c2\u6570\u540d|\u5fc5\u9009|\u7c7b\u578b|\u8bf4\u660e|\n|:----    |:---|:----- |-----   |\n|time |\u662f  |int |\u8bf7\u6c42\u65f6\u95f4\u6233(\u79d2\u7ea7)   |\n|guid |\u662f  |string | \u7528\u6237\u552f\u4e00id   |\n| param |\u662f  |json | \u6240\u5305\u542b\u7684\u6240\u6709\u4e1a\u52a1\u53c2\u6570    |\n| --username |\u662f  |string | \u8d26\u6237\u540d    |\n| --password |\u662f  |string | \u5bc6\u7801    |\n| --nick_name |\u662f  |string | \u7ba1\u7406\u5458\u6635\u79f0    |\n| --phone |\u662f  |string | \u624b\u673a\u53f7    |\n| --avatar |\u662f  |string | \u7ba1\u7406\u5458\u5934\u50cf    |\n| signatures |\u662f  |string | \u52a0\u5bc6\u540e\u7684\u7b7e\u540d    |\n| version |\u662f  |int | \u63a5\u53e3\u7248\u672c\u53f7    |\n\n##### \u8fd4\u56de\u793a\u4f8b \n\n``` \n  {\n    \"message \":'\u6dfb\u52a0\u6210\u529f'\n\t\"code\": 200,\n\t\"data\":\"\"\n  }","s_number":"99","page_comments":""},{"page_title":"\u7f16\u8f91\u7ba1\u7406\u5458\u63a5\u53e3","cat_id":"3860462","page_content":"\n##### \u7b80\u8981\u63cf\u8ff0\n\n- \u7f16\u8f91\u7ba1\u7406\u5458\u63a5\u53e3\n\n##### \u8bf7\u6c42URL\n- ` http:\/\/xxx.com\/api\/admin\/update `\n  \n##### \u8bf7\u6c42\u65b9\u5f0f\n- POST \n\n##### \u53c2\u6570\n\n|\u53c2\u6570\u540d|\u5fc5\u9009|\u7c7b\u578b|\u8bf4\u660e|\n|:----    |:---|:----- |-----   |\n|time |\u662f  |int |\u8bf7\u6c42\u65f6\u95f4\u6233(\u79d2\u7ea7)   |\n|guid |\u662f  |string | \u7528\u6237\u552f\u4e00id   |\n| param |\u662f  |json | \u6240\u5305\u542b\u7684\u6240\u6709\u4e1a\u52a1\u53c2\u6570    |\n| --nick_name |\u662f  |string | \u7ba1\u7406\u5458\u6635\u79f0    |\n| --phone |\u662f  |string | \u624b\u673a\u53f7    |\n| signatures |\u662f  |string | \u52a0\u5bc6\u540e\u7684\u7b7e\u540d    |\n| version |\u662f  |int | \u63a5\u53e3\u7248\u672c\u53f7    |\n\n##### \u8fd4\u56de\u793a\u4f8b \n\n``` \n  {\n    \"message \":'\u64cd\u4f5c\u6210\u529f'\n\t\"code\": 200,\n\t\"data\":\"\"\n  }","s_number":"99","page_comments":""},{"page_title":"\u7ba1\u7406\u5458\u4fee\u6539\u5bc6\u7801\u63a5\u53e3","cat_id":"3860462","page_content":"\n##### \u7b80\u8981\u63cf\u8ff0\n\n- \u7ba1\u7406\u5458\u4fee\u6539\u5bc6\u7801\u63a5\u53e3\n\n##### \u8bf7\u6c42URL\n- ` http:\/\/xxx.com\/api\/admin\/update\/pwd`\n  \n##### \u8bf7\u6c42\u65b9\u5f0f\n- POST \n\n##### \u53c2\u6570\n\n|\u53c2\u6570\u540d|\u5fc5\u9009|\u7c7b\u578b|\u8bf4\u660e|\n|:----    |:---|:----- |-----   |\n|time |\u662f  |int |\u8bf7\u6c42\u65f6\u95f4\u6233(\u79d2\u7ea7)   |\n|guid |\u662f  |string | \u7528\u6237\u552f\u4e00id   |\n| param |\u662f  |json | \u6240\u5305\u542b\u7684\u6240\u6709\u4e1a\u52a1\u53c2\u6570    |\n| --guid |\u662f  |string | \u7ba1\u7406\u5458\u6635\u79f0    |\n| --password |\u662f  |string | \u624b\u673a\u53f7    |\n| signatures |\u662f  |string | \u52a0\u5bc6\u540e\u7684\u7b7e\u540d    |\n| version |\u662f  |int | \u63a5\u53e3\u7248\u672c\u53f7    |\n\n##### \u8fd4\u56de\u793a\u4f8b \n\n``` \n  {\n    \"message \":'\u64cd\u4f5c\u6210\u529f'\n\t\"code\": 200,\n\t\"data\":\"\"\n  }","s_number":"99","page_comments":""},{"page_title":"\u4fee\u6539\u7ba1\u7406\u5458\u72b6\u6001","cat_id":"3860462","page_content":"\n##### \u7b80\u8981\u63cf\u8ff0\n\n- \u4fee\u6539\u7ba1\u7406\u5458\u72b6\u6001\n\n##### \u8bf7\u6c42URL\n- ` http:\/\/xxx.com\/api\/admin\/update\/status`\n  \n##### \u8bf7\u6c42\u65b9\u5f0f\n- POST \n\n##### \u53c2\u6570\n\n|\u53c2\u6570\u540d|\u5fc5\u9009|\u7c7b\u578b|\u8bf4\u660e|\n|:----    |:---|:----- |-----   |\n|time |\u662f  |int |\u8bf7\u6c42\u65f6\u95f4\u6233(\u79d2\u7ea7)   |\n|guid |\u662f  |string | \u7528\u6237\u552f\u4e00id   |\n| param |\u662f  |json | \u6240\u5305\u542b\u7684\u6240\u6709\u4e1a\u52a1\u53c2\u6570    |\n| --guid |\u662f  |string | \u7ba1\u7406\u5458\u6635\u79f0    |\n| --status |\u662f  |string | \u4fee\u6539\u540e\u7684\u72b6\u6001    |\n| signatures |\u662f  |string | \u52a0\u5bc6\u540e\u7684\u7b7e\u540d    |\n| version |\u662f  |int | \u63a5\u53e3\u7248\u672c\u53f7    |\n\n##### \u8fd4\u56de\u793a\u4f8b \n\n``` \n  {\n    \"message \":'\u64cd\u4f5c\u6210\u529f'\n\t\"code\": 200,\n\t\"data\":\"\"\n  }","s_number":"99","page_comments":""}],"catalogs":[]},{"cat_id":"3860464","cat_name":"\u5ba2\u6237\u7ba1\u7406","parent_cat_id":"0","level":"2","s_number":"99","pages":[{"page_title":"\u83b7\u53d6\u5ba2\u6237\u5217\u8868\u63a5\u53e3","cat_id":"3860464","page_content":"##### \u7b80\u8981\u63cf\u8ff0\n\n- \u83b7\u53d6\u5ba2\u6237\u5217\u8868\u63a5\u53e3\n\n##### \u8bf7\u6c42URL\n- ` http:\/\/xxx.com\/api\/customer\/list`\n  \n##### \u8bf7\u6c42\u65b9\u5f0f\n- POST\n\n##### \u53c2\u6570\n\n|\u53c2\u6570\u540d|\u5fc5\u9009|\u7c7b\u578b|\u8bf4\u660e|\n|:----    |:---|:----- |-----   |\n|time |\u662f  |int |\u8bf7\u6c42\u65f6\u95f4\u6233(\u79d2\u7ea7)   |\n|guid |\u4e1a\u52a1\u578b\u9a8c\u8bc1\u65f6\u4e3a\u5fc5\u4f20  |string | \u7528\u6237\u552f\u4e00id(\u7528\u6237\u672a\u767b\u9646\u65f6\u4f7f\u7528\u9ed8\u8ba4\u7ea6\u5b9a\u503c)    |\n|param |\u662f  |json | \u6240\u5305\u542b\u7684\u6240\u6709\u4e1a\u52a1\u53c2\u6570    |\n|--page |\u662f  |int | \u5f53\u524d\u9875    |\n|--limit |\u662f  |int | \u6bcf\u9875\u6761\u6570    |\n|--where |\u662f  |json | \u5185\u542b\u641c\u7d22\u53c2\u6570    |\n|----guid |\u5426  |string | \u552f\u4e00id    |\n|----type |\u5426  |int | \u5ba2\u6237\u7c7b\u578b    |\n|----customer_name |\u5426  |string | \u5ba2\u6237\u540d\u79f0    |\n|signatures |\u662f  |string | \u52a0\u5bc6\u540e\u7684\u7b7e\u540d    |\n|version |\u662f  |int | \u63a5\u53e3\u7248\u672c\u53f7    |\n\n##### \u8fd4\u56de\u793a\u4f8b \n\n``` \n{\n    \"code\": 200,\n    \"data\": {\n        \"data\": [\n            {\n                \"guid\": \"1a9dde8481c474be3b43c0ffb4ac7dbe\",\n                \"type\": 1,\n                \"customer_name\": \"xxxx\u516c\u53f8\",\n                \"name\": \"\u5f20\u4e09\",\n\t\t\t\t\"phone\": 133445566789,\n                \"add_time\": 1613186880\n            },\n            {\n                \"guid\": \"1a9dde8481c474be3b43c0ffb4ac7dbe\",\n                \"type\": 1,\n                \"customer_name\": \"xxxx\u516c\u53f8\",\n                \"name\": \"\u5f20\u4e09\",\n\t\t\t\t\"phone\": 133445566789,\n                \"add_time\": 1613186880\n            }\n        ],\n        \"count\": 2\n    },\n \"message\":\"success\"\n}\n```","s_number":"99","page_comments":""},{"page_title":"\u6dfb\u52a0\u5ba2\u6237\u63a5\u53e3","cat_id":"3860464","page_content":"\n##### \u7b80\u8981\u63cf\u8ff0\n\n- \u6dfb\u52a0\u5ba2\u6237\u63a5\u53e3\n\n##### \u8bf7\u6c42URL\n- ` http:\/\/xxx.com\/api\/customer\/add `\n  \n##### \u8bf7\u6c42\u65b9\u5f0f\n- POST \n\n##### \u53c2\u6570\n\n|\u53c2\u6570\u540d|\u5fc5\u9009|\u7c7b\u578b|\u8bf4\u660e|\n|:----    |:---|:----- |-----   |\n|time |\u662f  |int |\u8bf7\u6c42\u65f6\u95f4\u6233(\u79d2\u7ea7)   |\n|guid |\u662f  |string | \u7528\u6237\u552f\u4e00id   |\n| param |\u662f  |json | \u6240\u5305\u542b\u7684\u6240\u6709\u4e1a\u52a1\u53c2\u6570    |\n| --type |\u662f  |int | \u5ba2\u6237\u7c7b\u522b    |\n| --customer_name |\u662f  |string | \u5ba2\u6237\u540d\u79f0    |\n| --name |\u662f  |string | \u8054\u7cfb\u4eba\u540d\u79f0    |\n| --phone |\u662f  |string | \u624b\u673a\u53f7    |\n| --gender |\u662f  |int | \u6027\u522b    |\n| --birthday |\u662f  |int | \u51fa\u751f\u5e74\u6708\u65e5    |\n| --email |\u662f  |int | \u7535\u5b50\u90ae\u7bb1    |\n| --city |\u662f  |int | \u7701\u5e02\u533a    |\n| --address |\u662f  |int | \u8be6\u7ec6\u5730\u5740    |\n| signatures |\u662f  |string | \u52a0\u5bc6\u540e\u7684\u7b7e\u540d    |\n| version |\u662f  |int | \u63a5\u53e3\u7248\u672c\u53f7    |\n\n##### \u8fd4\u56de\u793a\u4f8b \n\n``` \n  {\n    \"message \":'\u6dfb\u52a0\u6210\u529f'\n\t\"code\": 200,\n\t\"data\":\"\"\n  }","s_number":"99","page_comments":""},{"page_title":"\u6dfb\u52a0\u5ba2\u6237\u54a8\u8be2\u63a5\u53e3","cat_id":"3860464","page_content":"\n##### \u7b80\u8981\u63cf\u8ff0\n\n- \u6dfb\u52a0\u5ba2\u6237\u54a8\u8be2\u63a5\u53e3\n\n##### \u8bf7\u6c42URL\n- ` http:\/\/xxx.com\/api\/log\/consult\/add `\n  \n##### \u8bf7\u6c42\u65b9\u5f0f\n- POST \n\n##### \u53c2\u6570\n\n|\u53c2\u6570\u540d|\u5fc5\u9009|\u7c7b\u578b|\u8bf4\u660e|\n|:----    |:---|:----- |-----   |\n|time |\u662f  |int |\u8bf7\u6c42\u65f6\u95f4\u6233(\u79d2\u7ea7)   |\n|guid |\u662f  |string | \u7528\u6237\u552f\u4e00id   |\n| param |\u662f  |json | \u6240\u5305\u542b\u7684\u6240\u6709\u4e1a\u52a1\u53c2\u6570    |\n| --customer_guid |\u662f  |string | \u5ba2\u6237id    |\n| --duration  |\u662f  |int | \u65f6\u957f    |\n| --content |\u662f  |string | \u5185\u5bb9    |\n| --remark |\u662f  |string | \u5907\u6ce8    |\n| --admin_guid |\u662f  |int | \u6dfb\u52a0\u4ebaid    |\n| signatures |\u662f  |string | \u52a0\u5bc6\u540e\u7684\u7b7e\u540d    |\n| version |\u662f  |int | \u63a5\u53e3\u7248\u672c\u53f7    |\n\n##### \u8fd4\u56de\u793a\u4f8b \n\n``` \n  {\n    \"message \":'\u6dfb\u52a0\u6210\u529f'\n\t\"code\": 200,\n\t\"data\":\"\"\n  }","s_number":"99","page_comments":""},{"page_title":"\u5ba2\u6237\u8be6\u60c5\u9875\u9762\u63a5\u53e3","cat_id":"3860464","page_content":"\n##### \u7b80\u8981\u63cf\u8ff0\n\n- \u5ba2\u6237\u8be6\u60c5\u9875\u9762\u63a5\u53e3\n\n##### \u8bf7\u6c42URL\n- ` http:\/\/xxx.com\/api\/customer\/detail`\n  \n##### \u8bf7\u6c42\u65b9\u5f0f\n- POST \n\n##### \u53c2\u6570\n\n|\u53c2\u6570\u540d|\u5fc5\u9009|\u7c7b\u578b|\u8bf4\u660e|\n|:----    |:---|:----- |-----   |\n|time |\u662f  |int |\u8bf7\u6c42\u65f6\u95f4\u6233(\u79d2\u7ea7)   |\n|guid |\u662f  |string | \u7528\u6237\u552f\u4e00id   |\n| param |\u662f  |json | \u6240\u5305\u542b\u7684\u6240\u6709\u4e1a\u52a1\u53c2\u6570    |\n| --customer_guid |\u662f  |string | \u5ba2\u6237id    |\n| signatures |\u662f  |string | \u52a0\u5bc6\u540e\u7684\u7b7e\u540d    |\n| version |\u662f  |int | \u63a5\u53e3\u7248\u672c\u53f7    |\n\n##### \u8fd4\u56de\u793a\u4f8b \n\n```\n  {\n    \"message \":'\u6dfb\u52a0\u6210\u529f'\n\t\"code\": 200,\n\t\"data\":\"{\n\t\t\tcustomer:{\n\t\t    \t\"guid\":\"1231231231231231231312313\",\n\t\t\t\t\"type\":1,\n\t\t\t\t\"customer_name\":\"xxxxx\"\n\t\t\t}\uff0c\n\t\t\tlink:[\n\t\t\t\t{...},\n\t\t\t\t{...}\n\t\t\t],\n\t\t\tlog:[\n\t\t\t\t{...},\n\t\t\t\t{...},\n\t\t\t\t{...},\n\t\t\t\t...\n\t\t\t]\n  }\n```","s_number":"99","page_comments":""},{"page_title":"\u5220\u9664\u5ba2\u6237\u8054\u7cfb\u4eba\u63a5\u53e3","cat_id":"3860464","page_content":"\n##### \u7b80\u8981\u63cf\u8ff0\n\n- \u5220\u9664\u5ba2\u6237\u8054\u7cfb\u4eba\u63a5\u53e3\n\n##### \u8bf7\u6c42URL\n- ` http:\/\/xxx.com\/api\/link\/delete `\n  \n##### \u8bf7\u6c42\u65b9\u5f0f\n- POST \n\n##### \u53c2\u6570\n\n|\u53c2\u6570\u540d|\u5fc5\u9009|\u7c7b\u578b|\u8bf4\u660e|\n|:----    |:---|:----- |-----   |\n|time |\u662f  |int |\u8bf7\u6c42\u65f6\u95f4\u6233(\u79d2\u7ea7)   |\n|guid |\u662f  |string | \u7528\u6237\u552f\u4e00id   |\n| param |\u662f  |json | \u6240\u5305\u542b\u7684\u6240\u6709\u4e1a\u52a1\u53c2\u6570    |\n| --customer_guid |\u662f  |string | \u5ba2\u6237id    |\n| --link_guid  |\u662f  |int | \u8054\u7cfb\u4ebaid    |\n| signatures |\u662f  |string | \u52a0\u5bc6\u540e\u7684\u7b7e\u540d    |\n| version |\u662f  |int | \u63a5\u53e3\u7248\u672c\u53f7    |\n\n##### \u8fd4\u56de\u793a\u4f8b \n\n``` \n  {\n    \"message \":'\u64cd\u4f5c\u6210\u529f'\n\t\"code\": 200,\n\t\"data\":\"\"\n  }","s_number":"99","page_comments":""},{"page_title":"\u4fee\u6539\u5ba2\u6237\u8054\u7cfb\u4eba\u63a5\u53e3","cat_id":"3860464","page_content":"##### \u7b80\u8981\u63cf\u8ff0\n\n- \u4fee\u6539\u5ba2\u6237\u8054\u7cfb\u4eba\u63a5\u53e3\n\n##### \u8bf7\u6c42URL\n- ` http:\/\/xxx.com\/api\/customer\/update\/link`\n  \n##### \u8bf7\u6c42\u65b9\u5f0f\n- POST \n\n##### \u53c2\u6570\n\n|\u53c2\u6570\u540d|\u5fc5\u9009|\u7c7b\u578b|\u8bf4\u660e|\n|:----    |:---|:----- |-----   |\n|time |\u662f  |int |\u8bf7\u6c42\u65f6\u95f4\u6233(\u79d2\u7ea7)   |\n|guid |\u662f  |string | \u7528\u6237\u552f\u4e00id   |\n| param |\u662f  |json | \u6240\u5305\u542b\u7684\u6240\u6709\u4e1a\u52a1\u53c2\u6570    |\n| --customer_guid |\u662f  |string | \u5ba2\u6237id    |\n| --link_guid |\u662f  |string | \u8054\u7cfb\u4ebaid    |\n| --name |\u662f  |string | \u8054\u7cfb\u4eba\u540d\u79f0    |\n| --phone |\u662f  |string | \u624b\u673a\u53f7    |\n| --gender |\u662f  |int | \u6027\u522b    |\n| --birthday |\u662f  |int | \u51fa\u751f\u5e74\u6708\u65e5    |\n| --email |\u662f  |int | \u7535\u5b50\u90ae\u7bb1    |\n| --city |\u662f  |int | \u7701\u5e02\u533a    |\n| --address |\u662f  |int | \u8be6\u7ec6\u5730\u5740    |\n| signatures |\u662f  |string | \u52a0\u5bc6\u540e\u7684\u7b7e\u540d    |\n| version |\u662f  |int | \u63a5\u53e3\u7248\u672c\u53f7    |\n\n##### \u8fd4\u56de\u793a\u4f8b \n\n``` \n  {\n    \"message \":'\u64cd\u4f5c\u6210\u529f'\n\t\"code\": 200,\n\t\"data\":\"\"\n  }","s_number":"99","page_comments":""},{"page_title":"\u83b7\u53d6\u5ba2\u6237\u54a8\u8be2\u5217\u8868\u63a5\u53e3","cat_id":"3860464","page_content":"##### \u7b80\u8981\u63cf\u8ff0\n\n- \u83b7\u53d6\u5ba2\u6237\u54a8\u8be2\u5217\u8868\u63a5\u53e3\n\n##### \u8bf7\u6c42URL\n- ` http:\/\/xxx.com\/api\/customer\/link\/list`\n\n##### \u8bf7\u6c42\u65b9\u5f0f\n- POST\n\n##### \u53c2\u6570\n\n|\u53c2\u6570\u540d|\u5fc5\u9009|\u7c7b\u578b|\u8bf4\u660e|\n|:----    |:---|:----- |-----   |\n|time |\u662f  |int |\u8bf7\u6c42\u65f6\u95f4\u6233(\u79d2\u7ea7)   |\n|guid |\u4e1a\u52a1\u578b\u9a8c\u8bc1\u65f6\u4e3a\u5fc5\u4f20  |string | \u7528\u6237\u552f\u4e00id(\u7528\u6237\u672a\u767b\u9646\u65f6\u4f7f\u7528\u9ed8\u8ba4\u7ea6\u5b9a\u503c)    |\n|param |\u662f  |json | \u6240\u5305\u542b\u7684\u6240\u6709\u4e1a\u52a1\u53c2\u6570    |\n|--customer_guid |\u662f  |string | \u5ba2\u6237\u552f\u4e00id    |\n|--page |\u662f  |int | \u5f53\u524d\u9875    |\n|--limit |\u662f  |int | \u6bcf\u9875\u6761\u6570    |\n|--where |\u662f  |json | \u5185\u542b\u641c\u7d22\u53c2\u6570    |\n|----add_staff |\u5426  |string | \u64cd\u4f5c\u4ebaid    |\n|----searchDate |\u5426  |string | \u65f6\u95f4\u533a\u95f4\u641c\u7d22    |\n|signatures |\u662f  |string | \u52a0\u5bc6\u540e\u7684\u7b7e\u540d    |\n|version |\u662f  |int | \u63a5\u53e3\u7248\u672c\u53f7    |\n\n##### \u8fd4\u56de\u793a\u4f8b \n\n``` \n{\n    \"code\": 200,\n    \"data\": {\n        \"data\": [\n            {\n                \"guid\": \"1a9dde8481c474be3b43c0ffb4ac7dbe\",\n                \"type\": 1,\n                \"customer_name\": \"xxxx\u516c\u53f8\",\n                \"name\": \"\u5f20\u4e09\",\n\t\t\t\t\"phone\": 133445566789,\n                \"add_time\": 1613186880\n            },\n            {\n                \"guid\": \"1a9dde8481c474be3b43c0ffb4ac7dbe\",\n                \"type\": 1,\n                \"customer_name\": \"xxxx\u516c\u53f8\",\n                \"name\": \"\u5f20\u4e09\",\n\t\t\t\t\"phone\": 133445566789,\n                \"add_time\": 1613186880\n            }\n        ],\n        \"count\": 2\n    },\n \"message\":\"success\"\n}\n```","s_number":"99","page_comments":""}],"catalogs":[]},{"cat_id":"3860842","cat_name":"H5\u76f8\u5173","parent_cat_id":"0","level":"2","s_number":"99","pages":[{"page_title":"H5\u7ba1\u7406\u5458\u767b\u9646\u63a5\u53e3","cat_id":"3860842","page_content":"\n##### \u7b80\u8981\u63cf\u8ff0\n\n- H5\u7ba1\u7406\u5458\u767b\u9646\u63a5\u53e3\n\n##### \u8bf7\u6c42URL\n- ` http:\/\/xxx.com\/h5\/admin\/login `\n  \n##### \u8bf7\u6c42\u65b9\u5f0f\n- POST\n\n##### \u53c2\u6570\n\n|\u53c2\u6570\u540d|\u5fc5\u9009|\u7c7b\u578b|\u8bf4\u660e|\n|:----    |:---|:----- |-----   |\n|time |\u662f  |int |\u8bf7\u6c42\u65f6\u95f4\u6233(\u79d2\u7ea7)   |\n|guid |\u4e1a\u52a1\u578b\u9a8c\u8bc1\u65f6\u4e3a\u5fc5\u4f20  |string | \u7528\u6237\u552f\u4e00id(\u7528\u6237\u672a\u767b\u9646\u65f6\u4f7f\u7528\u9ed8\u8ba4\u7ea6\u5b9a\u503c)    |\n|param |\u662f  |json | \u6240\u5305\u542b\u7684\u6240\u6709\u4e1a\u52a1\u53c2\u6570    |\n|--username |\u662f  |string | \u7528\u6237\u540d   |\n|--password |\u662f  |string | \u5bc6\u7801    |\n|signatures |\u662f  |string | \u52a0\u5bc6\u540e\u7684\u7b7e\u540d    |\n|version |\u662f  |int | \u63a5\u53e3\u7248\u672c\u53f7    |\n\n##### \u8fd4\u56de\u793a\u4f8b \n\n``` \n {\n    \"code\": 200,\n    \"data\": {\n        \"guid\": \"612b89a4ae3b11ebb01bfa163e8c653e\",\n        \"user_name\": \"shaoyuanpeng\",\n        \"password\": \"f12d1cfebf2673e27b9411486aaad59a\",\n        \"status\": 1,\n        \"token\": \"67499e9ac27a11eb8c86001c423dc69d\",\n        \"add_time\": 1620285561,\n        \"token_time\": 1620285561,\n        \"last_ip\": \"192.168.10.1\",\n        \"last_time\": 1622511653\n    },\n\t\"message\":\"success\"\n}\n```","s_number":"99","page_comments":""},{"page_title":"H5\u5ba2\u6237\u8be6\u60c5\u9875\u9762\u63a5\u53e3","cat_id":"3860842","page_content":"\n##### \u7b80\u8981\u63cf\u8ff0\n\n- H5\u5ba2\u6237\u8be6\u60c5\u9875\u9762\u63a5\u53e3\n\n##### \u8bf7\u6c42URL\n- ` http:\/\/xxx.com\/h5\/customer\/detail`\n  \n##### \u8bf7\u6c42\u65b9\u5f0f\n- POST \n\n##### \u53c2\u6570\n\n|\u53c2\u6570\u540d|\u5fc5\u9009|\u7c7b\u578b|\u8bf4\u660e|\n|:----    |:---|:----- |-----   |\n|time |\u662f  |int |\u8bf7\u6c42\u65f6\u95f4\u6233(\u79d2\u7ea7)   |\n|guid |\u662f  |string | \u7528\u6237\u552f\u4e00id   |\n| param |\u662f  |json | \u6240\u5305\u542b\u7684\u6240\u6709\u4e1a\u52a1\u53c2\u6570    |\n| --customer_guid |\u662f  |string | \u5ba2\u6237id    |\n| signatures |\u662f  |string | \u52a0\u5bc6\u540e\u7684\u7b7e\u540d    |\n| version |\u662f  |int | \u63a5\u53e3\u7248\u672c\u53f7    |\n\n##### \u8fd4\u56de\u793a\u4f8b \n\n```\n  {\n    \"message \":'\u6dfb\u52a0\u6210\u529f'\n\t\"code\": 200,\n\t\"data\":\"{\n\t\t\tcustomer:{\n\t\t    \t\"guid\":\"1231231231231231231312313\",\n\t\t\t\t\"type\":1,\n\t\t\t\t\"customer_name\":\"xxxxx\"\n\t\t\t}\uff0c\n\t\t\tlink:[\n\t\t\t\t{...},\n\t\t\t\t{...}\n\t\t\t]\n  }\n```","s_number":"99","page_comments":""},{"page_title":"H5\u83b7\u53d6\u5ba2\u6237\u54a8\u8be2\u5217\u8868\u63a5\u53e3","cat_id":"3860842","page_content":"##### \u7b80\u8981\u63cf\u8ff0\n\n- H5\u83b7\u53d6\u5ba2\u6237\u54a8\u8be2\u5217\u8868\u63a5\u53e3\n\n##### \u8bf7\u6c42URL\n- ` http:\/\/xxx.com\/h5\/customer\/link\/list`\n\n##### \u8bf7\u6c42\u65b9\u5f0f\n- POST\n\n##### \u53c2\u6570\n\n|\u53c2\u6570\u540d|\u5fc5\u9009|\u7c7b\u578b|\u8bf4\u660e|\n|:----    |:---|:----- |-----   |\n|time |\u662f  |int |\u8bf7\u6c42\u65f6\u95f4\u6233(\u79d2\u7ea7)   |\n|guid |\u4e1a\u52a1\u578b\u9a8c\u8bc1\u65f6\u4e3a\u5fc5\u4f20  |string | \u7528\u6237\u552f\u4e00id(\u7528\u6237\u672a\u767b\u9646\u65f6\u4f7f\u7528\u9ed8\u8ba4\u7ea6\u5b9a\u503c)    |\n|param |\u662f  |json | \u6240\u5305\u542b\u7684\u6240\u6709\u4e1a\u52a1\u53c2\u6570    |\n|--customer_guid |\u662f  |string | \u5ba2\u6237\u552f\u4e00id    |\n|--page |\u662f  |int | \u5f53\u524d\u9875    |\n|--limit |\u662f  |int | \u6bcf\u9875\u6761\u6570    |\n|--where |\u662f  |json | \u5185\u542b\u641c\u7d22\u53c2\u6570    |\n|----add_staff |\u5426  |string | \u64cd\u4f5c\u4ebaid    |\n|----searchDate |\u5426  |string | \u65f6\u95f4\u533a\u95f4\u641c\u7d22    |\n|signatures |\u662f  |string | \u52a0\u5bc6\u540e\u7684\u7b7e\u540d    |\n|version |\u662f  |int | \u63a5\u53e3\u7248\u672c\u53f7    |\n\n##### \u8fd4\u56de\u793a\u4f8b \n\n``` \n{\n    \"code\": 200,\n    \"data\": {\n        \"data\": [\n            {\n                \"guid\": \"1a9dde8481c474be3b43c0ffb4ac7dbe\",\n                \"type\": 1,\n                \"customer_name\": \"xxxx\u516c\u53f8\",\n                \"name\": \"\u5f20\u4e09\",\n\t\t\t\t\"phone\": 133445566789,\n                \"add_time\": 1613186880\n            },\n            {\n                \"guid\": \"1a9dde8481c474be3b43c0ffb4ac7dbe\",\n                \"type\": 1,\n                \"customer_name\": \"xxxx\u516c\u53f8\",\n                \"name\": \"\u5f20\u4e09\",\n\t\t\t\t\"phone\": 133445566789,\n                \"add_time\": 1613186880\n            }\n        ],\n        \"count\": 2\n    },\n \"message\":\"success\"\n}\n```","s_number":"99","page_comments":""}],"catalogs":[]}]}}